 <?xml-model href=""?>
<suppressions xmlns="https://jeremylong.github.io/DependencyCheck/dependency-suppression.1.3.xsd">
<!--  False Positive One  -->
	<suppress>
		<notes>
			<![CDATA[ file name: bcprov-jdk15on-1.46.jar ]]>
		</notes>
		<packageUrl regex="true">^pkg:maven/org\.bouncycastle/bcprov\-jdk15on@.*$</packageUrl>
		<vulnerabilityName>CVE-2013-1624</vulnerabilityName>
	</suppress>
<!--  False Positive Two  -->
	<suppress>
		<notes>
			<![CDATA[ file name: bcprov-jdk15on-1.46.jar ]]>
		</notes>
		<packageUrl regex="true">^pkg:maven/org\.bouncycastle/bcprov\-jdk15on@.*$</packageUrl>
		<vulnerabilityName>CVE-2013-1624</vulnerabilityName>
	</suppress>
</suppressions>